transaction_hour,time_period,transaction_count,total_transaction_amount_inr
0,Night,17977,24220958.52
1,Night,8851,10746828.61
2,Night,5553,6505162.85
3,Night,4720,5067690.4
4,Night,4571,4536081.19
5,Night,5359,5196658.14
6,Morning,8218,8667636.23
7,Morning,14579,15202886.51
8,Morning,23523,24470804.41
9,Morning,33098,39454789.89
10,Morning,42645,54810188.95
11,Morning,52410,81201613.23
12,Afternoon,60879,104031096.6
13,Afternoon,65019,115402825.23
14,Afternoon,66554,120525409.53
15,Afternoon,64853,117709616.84
16,Afternoon,64357,122366465.67
17,Evening,69222,135076609.66
18,Evening,79332,146345232.74
19,Evening,94396,148838517.02
20,Evening,97053,147145920.45
21,Night,80105,107679649.0
22,Night,53529,64441879.22
23,Night,31764,41151210.68
